mal_id,title,type,status,score,start_date,rank,popularity,members,favorites,genres,themes,episodes,season,year,season_length
58985,0-saiji Start Dash Monogatari,TV,Finished Airing,5.43,2024-07-07 00:00:00+00:00,12703.0,6424,12263,24,"['Adventure', 'Fantasy']","['Isekai', 'Reincarnation']",12.0,Summer,2024,Short
60425,0-saiji Start Dash Monogatari Season 2,TV,Finished Airing,5.63,2025-01-05 00:00:00+00:00,12053.0,9660,4376,10,"['Adventure', 'Fantasy']","['Isekai', 'Reincarnation']",12.0,Winter,2025,Short
41380,100-man no Inochi no Ue ni Ore wa Tatteiru,TV,Finished Airing,6.52,2020-10-02 00:00:00+00:00,7107.0,826,324016,701,"['Action', 'Adventure', 'Drama', 'Fantasy']",['Isekai'],12.0,Fall,2020,Short
44881,100-man no Inochi no Ue ni Ore wa Tatteiru 2nd Season,TV,Finished Airing,6.79,2021-07-10 00:00:00+00:00,5509.0,1453,182088,640,"['Action', 'Adventure', 'Drama', 'Fantasy']",['Isekai'],12.0,Summer,2021,Short
306,Abenobashi Mahou☆Shoutengai,TV,Finished Airing,7.21,2002-04-04 00:00:00+00:00,3376.0,2364,96358,380,"['Award Winning', 'Comedy', 'Fantasy', 'Ecchi']","['Isekai', 'Parody']",13.0,Spring,2002,Short
54837,Akuyaku Reijou Level 99: Watashi wa Ura-Boss desu ga Maou dewa Arimasen,TV,Finished Airing,7.13,2024-01-09 00:00:00+00:00,3872.0,1385,192376,915,['Fantasy'],"['Isekai', 'School', 'Villainess']",12.0,Winter,2024,Short
49979,Akuyaku Reijou nanode Last Boss wo Kattemimashita,TV,Finished Airing,7.2,2022-10-01 00:00:00+00:00,3448.0,1289,207649,1149,"['Comedy', 'Fantasy', 'Romance']","['Isekai', 'Villainess']",12.0,Fall,2022,Short
57719,Akuyaku Reijou Tensei Ojisan,TV,Finished Airing,7.37,2025-01-10 00:00:00+00:00,2577.0,2472,89590,292,"['Comedy', 'Fantasy']","['Isekai', 'School', 'Villainess']",12.0,Winter,2025,Short
61026,Ansatsusha de Aru Ore no Status ga Yuusha yori mo Akiraka ni Tsuyoi no da ga,TV,Not yet aired,6.59,2025-10-07 00:00:00+00:00,6936.0,4460,30310,108,"['Action', 'Adventure', 'Fantasy']",['Isekai'],12.0,Fall,2025,Short
16518,Arata Kangatari,TV,Finished Airing,6.42,2013-04-09 00:00:00+00:00,7769.0,2748,75464,60,"['Adventure', 'Fantasy']",['Isekai'],12.0,Spring,2013,Short
36882,Arifureta Shokugyou de Sekai Saikyou,TV,Finished Airing,6.72,2019-07-08 00:00:00+00:00,5926.0,275,789347,6849,"['Action', 'Adventure', 'Fantasy']","['Harem', 'Isekai']",13.0,Summer,2019,Short
40507,Arifureta Shokugyou de Sekai Saikyou 2nd Season,TV,Finished Airing,7.14,2022-01-13 00:00:00+00:00,3791.0,569,444187,4306,"['Action', 'Adventure', 'Fantasy']","['Harem', 'Isekai']",12.0,Winter,2022,Short
52995,Arifureta Shokugyou de Sekai Saikyou Season 3,TV,Finished Airing,7.02,2024-10-14 00:00:00+00:00,4406.0,1432,185330,1075,"['Action', 'Adventure', 'Fantasy']","['Harem', 'Isekai']",16.0,Fall,2024,Medium
59561,Around 40 Otoko no Isekai Tsuuhan,TV,Finished Airing,6.35,2025-01-09 00:00:00+00:00,8184.0,2541,85668,201,['Fantasy'],"['Harem', 'Isekai']",13.0,Winter,2025,Short
9736,Astarotte no Omocha!,TV,Finished Airing,6.46,2011-04-11 00:00:00+00:00,7485.0,1680,153027,250,"['Comedy', 'Fantasy', 'Romance', 'Ecchi']","['Harem', 'Isekai']",12.0,Spring,2011,Short
2786,Bakegyamon,TV,Finished Airing,6.62,2006-04-03 00:00:00+00:00,6560.0,9796,4208,16,"['Action', 'Adventure', 'Fantasy']","['Isekai', 'Strategy Game']",51.0,Spring,2006,Long
6901,Battle Spirits: Shounen Gekiha Dan,TV,Finished Airing,6.96,2009-09-13 00:00:00+00:00,4680.0,9474,4632,12,['Adventure'],"['Isekai', 'Military', 'Strategy Game']",50.0,Fall,2009,Long
50854,"Benriya Saitou-san, Isekai ni Iku",TV,Finished Airing,7.37,2023-01-08 00:00:00+00:00,2583.0,1266,211795,789,"['Adventure', 'Comedy', 'Fantasy']",['Isekai'],12.0,Winter,2023,Short
60316,Busamen Gachi Fighter,TV,Finished Airing,6.34,2025-07-06 00:00:00+00:00,8211.0,3992,38427,58,"['Action', 'Adventure', 'Fantasy']",['Isekai'],12.0,Summer,2025,Short
50583,Buta no Liver wa Kanetsu Shiro,TV,Finished Airing,6.29,2023-10-08 00:00:00+00:00,8571.0,3505,48403,100,"['Adventure', 'Fantasy']",['Isekai'],12.0,Fall,2023,Short
40960,Cheat Kusushi no Slow Life: Isekai ni Tsukurou Drugstore,TV,Finished Airing,6.45,2021-07-07 00:00:00+00:00,7586.0,1615,161441,623,"['Comedy', 'Fantasy']","['Isekai', 'Medical']",12.0,Summer,2021,Short
57888,"Chichi wa Eiyuu, Haha wa Seirei, Musume no Watashi wa Tenseisha.",TV,Not yet aired,6.64,2025-10-05 00:00:00+00:00,6589.0,5816,15754,39,['Fantasy'],"['Isekai', 'Reincarnation']",12.0,Fall,2025,Short
49613,Chiyu Mahou no Machigatta Tsukaikata,TV,Finished Airing,7.53,2024-01-06 00:00:00+00:00,1910.0,909,295418,1357,"['Action', 'Adventure', 'Fantasy']",['Isekai'],13.0,Winter,2024,Short
39523,Choujin Koukousei-tachi wa Isekai demo Yoyuu de Ikinuku you desu!,TV,Finished Airing,6.36,2019-10-03 00:00:00+00:00,8116.0,911,295289,566,"['Action', 'Adventure', 'Fantasy']",['Isekai'],12.0,Fall,2019,Short
37823,Conception,TV,Finished Airing,4.57,2018-10-10 00:00:00+00:00,14072.0,1861,135541,181,"['Action', 'Comedy', 'Fantasy', 'Romance']","['Harem', 'Isekai', 'Parody']",12.0,Fall,2018,Short
34497,Death March kara Hajimaru Isekai Kyousoukyoku,TV,Finished Airing,6.43,2018-01-11 00:00:00+00:00,7697.0,444,545498,1884,"['Adventure', 'Fantasy']","['Harem', 'Isekai']",12.0,Winter,2018,Short
552,Digimon Adventure,TV,Finished Airing,7.78,1999-03-07 00:00:00+00:00,1122.0,614,418940,5661,"['Action', 'Adventure', 'Comedy', 'Fantasy']",['Isekai'],54.0,Spring,1999,Long
1313,Digimon Adventure 02,TV,Finished Airing,7.24,2000-04-02 00:00:00+00:00,3223.0,1177,230193,796,"['Action', 'Adventure', 'Comedy', 'Fantasy']",['Isekai'],50.0,Spring,2000,Long
41074,Digimon Adventure:,TV,Finished Airing,6.5,2020-04-05 00:00:00+00:00,7285.0,3117,60361,212,"['Action', 'Adventure', 'Comedy', 'Fantasy']",['Isekai'],67.0,Spring,2020,Long
1132,Digimon Frontier,TV,Finished Airing,7.17,2002-04-07 00:00:00+00:00,3633.0,1603,164016,635,"['Action', 'Adventure', 'Comedy', 'Drama', 'Fantasy']",['Isekai'],50.0,Spring,2002,Long
874,Digimon Tamers,TV,Finished Airing,7.65,2001-04-01 00:00:00+00:00,1484.0,1288,207989,2028,"['Adventure', 'Comedy', 'Fantasy']",['Isekai'],51.0,Spring,2001,Long
8624,Digimon Xros Wars,TV,Finished Airing,6.69,2010-07-06 00:00:00+00:00,6116.0,3334,53488,125,"['Action', 'Adventure', 'Comedy', 'Fantasy']",['Isekai'],30.0,Summer,2010,Long
10444,Digimon Xros Wars: Aku no Death General to Nanatsu no Oukoku,TV,Finished Airing,7.1,2011-04-03 00:00:00+00:00,4043.0,4472,30123,54,"['Action', 'Adventure', 'Comedy', 'Fantasy']",['Isekai'],24.0,Spring,2011,Medium
11385,Digimon Xros Wars: Toki wo Kakeru Shounen Hunter-tachi,TV,Finished Airing,6.42,2011-10-02 00:00:00+00:00,7780.0,4551,28866,33,"['Action', 'Adventure', 'Comedy', 'Fantasy']",['Isekai'],25.0,Fall,2011,Medium
10155,Dog Days,TV,Finished Airing,6.83,2011-04-02 00:00:00+00:00,5346.0,1379,193644,566,"['Action', 'Adventure', 'Fantasy']",['Isekai'],13.0,Spring,2011,Short
11783,Dog Days',TV,Finished Airing,6.97,2012-07-07 00:00:00+00:00,4626.0,2183,108762,149,"['Action', 'Adventure', 'Fantasy']",['Isekai'],13.0,Summer,2012,Short
16385,Dog Days'',TV,Finished Airing,6.84,2015-01-11 00:00:00+00:00,5281.0,2696,77880,83,"['Action', 'Adventure', 'Fantasy']",['Isekai'],12.0,Winter,2015,Short
22733,Dragon Collection,TV,Finished Airing,6.14,2014-04-07 00:00:00+00:00,9438.0,8569,6057,7,['Fantasy'],['Isekai'],51.0,Spring,2014,Long
296,Dragon Drive,TV,Finished Airing,6.69,2002-07-04 00:00:00+00:00,6118.0,4881,24645,56,"['Action', 'Adventure', 'Fantasy', 'Sci-Fi']",['Isekai'],38.0,Summer,2002,Long
31339,Drifters,TV,Finished Airing,7.88,2016-10-07 00:00:00+00:00,906.0,399,604909,4223,"['Action', 'Adventure', 'Comedy', 'Fantasy']","['Adult Cast', 'Gore', 'Historical', 'Isekai', 'Military', 'Samurai']",12.0,Fall,2016,Short
992,Dual! Parallel Lun-Lun Monogatari,TV,Finished Airing,7.05,1999-04-08 00:00:00+00:00,4260.0,5280,20360,69,"['Action', 'Comedy', 'Sci-Fi']","['Harem', 'Isekai', 'Mecha']",13.0,Spring,1999,Short
1045,Elf wo Karu Mono-tachi,TV,Finished Airing,6.96,1996-10-04 00:00:00+00:00,4688.0,4510,29579,54,"['Adventure', 'Comedy', 'Fantasy', 'Ecchi']",['Isekai'],12.0,Fall,1996,Short
1046,Elf wo Karu Mono-tachi II,TV,Finished Airing,6.97,1997-10-02 00:00:00+00:00,4628.0,5939,14924,13,"['Adventure', 'Comedy', 'Fantasy']",['Isekai'],12.0,Fall,1997,Short
32608,Endride,TV,Finished Airing,5.58,2016-04-03 00:00:00+00:00,12241.0,2698,77585,70,"['Action', 'Adventure', 'Fantasy']",['Isekai'],24.0,Spring,2016,Medium
48997,Fantasy Bishoujo Juniku Ojisan to,TV,Finished Airing,7.12,2022-01-12 00:00:00+00:00,3893.0,1335,199785,856,"['Adventure', 'Comedy', 'Fantasy']","['Isekai', 'Magical Sex Shift', 'Parody']",12.0,Winter,2022,Short
38084,Fate/Grand Order: Zettai Majuu Sensen Babylonia,TV,Finished Airing,7.94,2019-10-05 00:00:00+00:00,789.0,890,304375,2627,"['Action', 'Fantasy']",['Isekai'],21.0,Fall,2019,Medium
2572,Fushigi no Kuni no Alice,TV,Finished Airing,6.44,1983-10-10 00:00:00+00:00,7684.0,9993,3964,9,"['Adventure', 'Fantasy']","['Anthropomorphic', 'Isekai']",24.0,Fall,1983,Medium
123,Fushigi Yuugi,TV,Finished Airing,7.6,1995-04-06 00:00:00+00:00,1641.0,1959,126615,2146,"['Action', 'Adventure', 'Fantasy', 'Romance']","['Historical', 'Isekai', 'Martial Arts', 'Reverse Harem']",52.0,Spring,1995,Long
48760,"Gaikotsu Kishi-sama, Tadaima Isekai e Odekakechuu",TV,Finished Airing,7.14,2022-04-07 00:00:00+00:00,3806.0,742,356867,1818,"['Action', 'Adventure', 'Fantasy']",['Isekai'],12.0,Spring,2022,Short
28907,"Gate: Jieitai Kanochi nite, Kaku Tatakaeri",TV,Finished Airing,7.68,2015-07-04 00:00:00+00:00,1398.0,235,864048,6560,"['Action', 'Adventure', 'Fantasy']","['Isekai', 'Military']",12.0,Summer,2015,Short
31637,"Gate: Jieitai Kanochi nite, Kaku Tatakaeri Part 2",TV,Finished Airing,7.71,2016-01-09 00:00:00+00:00,1311.0,410,590322,1941,"['Action', 'Adventure', 'Fantasy']","['Isekai', 'Military']",12.0,Winter,2016,Short
41710,Genjitsu Shugi Yuusha no Oukoku Saikenki,TV,Finished Airing,7.25,2021-07-04 00:00:00+00:00,3205.0,573,441565,2750,"['Action', 'Fantasy', 'Romance']","['Harem', 'Isekai', 'Military']",13.0,Summer,2021,Short
49930,Genjitsu Shugi Yuusha no Oukoku Saikenki Part 2,TV,Finished Airing,7.43,2022-01-09 00:00:00+00:00,2316.0,931,287664,1440,"['Action', 'Fantasy', 'Romance']","['Harem', 'Isekai', 'Military']",13.0,Winter,2022,Short
241,Girls Bravo: First Season,TV,Finished Airing,6.35,2004-07-05 00:00:00+00:00,8199.0,1636,157806,336,"['Comedy', 'Fantasy', 'Romance', 'Ecchi']","['Harem', 'Isekai', 'School']",11.0,Summer,2004,Short
487,Girls Bravo: Second Season,TV,Finished Airing,6.59,2005-01-27 00:00:00+00:00,6735.0,2375,95892,139,"['Comedy', 'Fantasy', 'Romance', 'Ecchi']","['Harem', 'Isekai', 'School']",13.0,Winter,2005,Short
38830,"Hachi-nan tte, Sore wa Nai deshou!",TV,Finished Airing,6.27,2020-04-02 00:00:00+00:00,8678.0,1015,266779,524,"['Action', 'Fantasy']","['Isekai', 'Reincarnation']",12.0,Spring,2020,Short
31859,Hai to Gensou no Grimgar,TV,Finished Airing,7.66,2016-01-11 00:00:00+00:00,1447.0,278,787081,6717,"['Action', 'Adventure', 'Drama', 'Fantasy']",['Isekai'],12.0,Winter,2016,Short
247,Harukanaru Toki no Naka de: Hachiyou Shou,TV,Finished Airing,6.99,2004-10-06 00:00:00+00:00,4549.0,4730,26624,117,"['Fantasy', 'Romance']","['Isekai', 'Mythology', 'Reverse Harem']",26.0,Fall,2004,Medium
39030,Hataage! Kemono Michi,TV,Finished Airing,6.59,2019-10-02 00:00:00+00:00,6736.0,1263,212669,281,"['Comedy', 'Fantasy']","['Anthropomorphic', 'Isekai']",12.0,Fall,2019,Short
57892,"Hazurewaku no ""Joutai Ijou Skill"" de Saikyou ni Natta Ore ga Subete wo Juurin suru made",TV,Finished Airing,6.48,2024-07-05 00:00:00+00:00,7404.0,1283,208657,823,"['Action', 'Adventure', 'Fantasy']",['Isekai'],12.0,Summer,2024,Short
60460,Hell Mode: Yarikomizuki no Gamer wa Hai Settei no Isekai de Musou suru,TV,Not yet aired,6.79,2026-01-01 00:00:00+00:00,5678.0,9594,4460,7,"['Action', 'Adventure', 'Fantasy']","['Isekai', 'Reincarnation']",12.0,Winter,2026,Short
53438,Higeki no Genkyou to Naru Saikyou Gedou Last Boss Joou wa Tami no Tame ni Tsukushimasu.,TV,Finished Airing,7.12,2023-07-07 00:00:00+00:00,3899.0,2072,117651,540,['Fantasy'],"['Isekai', 'Villainess']",12.0,Summer,2023,Short
57891,Hitoribocchi no Isekai Kouryaku,TV,Finished Airing,6.57,2024-10-04 00:00:00+00:00,6847.0,1891,132246,507,"['Action', 'Adventure', 'Fantasy']",['Isekai'],12.0,Fall,2024,Short
39468,Honzuki no Gekokujou: Shisho ni Naru Tame ni wa Shudan wo Erandeiraremasen,TV,Finished Airing,7.97,2019-10-03 00:00:00+00:00,738.0,749,351918,3272,['Fantasy'],"['Isekai', 'Reincarnation']",14.0,Fall,2019,Medium
40815,Honzuki no Gekokujou: Shisho ni Naru Tame ni wa Shudan wo Erandeiraremasen 2nd Season,TV,Finished Airing,8.08,2020-04-05 00:00:00+00:00,574.0,1119,242189,864,['Fantasy'],"['Isekai', 'Reincarnation']",12.0,Spring,2020,Short
42429,Honzuki no Gekokujou: Shisho ni Naru Tame ni wa Shudan wo Erandeiraremasen 3rd Season,TV,Finished Airing,8.07,2022-04-12 00:00:00+00:00,595.0,1442,183982,990,['Fantasy'],"['Isekai', 'Reincarnation']",10.0,Spring,2022,Short
37446,Hyakuren no Haou to Seiyaku no Valkyria,TV,Finished Airing,5.68,2018-07-08 00:00:00+00:00,11813.0,1279,209114,327,"['Action', 'Adventure', 'Fantasy', 'Romance']","['Harem', 'Isekai', 'Military']",12.0,Summer,2018,Short
1316,Idaten Jump,TV,Finished Airing,7.38,2005-10-01 00:00:00+00:00,2537.0,5059,22496,228,"['Fantasy', 'Sports']","['Isekai', 'Racing', 'School']",52.0,Fall,2005,Long
115,Ijigen no Sekai El-Hazard,TV,Finished Airing,6.77,1998-01-08 00:00:00+00:00,5661.0,6274,12976,10,"['Adventure', 'Comedy', 'Fantasy']",['Isekai'],13.0,Winter,1998,Short
160,"Ima, Soko ni Iru Boku",TV,Finished Airing,7.57,1999-10-14 00:00:00+00:00,1741.0,1645,156538,1249,"['Adventure', 'Drama', 'Fantasy', 'Sci-Fi']","['Isekai', 'Military']",13.0,Fall,1999,Short
37744,Isekai Cheat Magician,TV,Finished Airing,5.48,2019-07-10 00:00:00+00:00,12544.0,741,357111,567,"['Action', 'Adventure', 'Fantasy']",['Isekai'],12.0,Summer,2019,Short
52830,"Isekai de Cheat Skill wo Te ni Shita Ore wa, Genjitsu Sekai wo mo Musou Suru: Level Up wa Jinsei wo Kaeta",TV,Finished Airing,6.34,2023-04-07 00:00:00+00:00,8240.0,722,364905,2298,"['Action', 'Adventure', 'Fantasy']","['Isekai', 'School']",13.0,Spring,2023,Short
52359,Isekai de Mofumofu Nadenade suru Tame ni Ganbattemasu.,TV,Finished Airing,6.78,2024-01-07 00:00:00+00:00,5569.0,2460,90365,438,"['Adventure', 'Fantasy']","['Isekai', 'Reincarnation']",12.0,Winter,2024,Short
37210,Isekai Maou to Shoukan Shoujo no Dorei Majutsu,TV,Finished Airing,6.82,2018-07-05 00:00:00+00:00,5383.0,284,778419,2553,"['Action', 'Comedy', 'Fantasy', 'Romance', 'Ecchi']","['Harem', 'Isekai']",12.0,Summer,2018,Short
41623,Isekai Maou to Shoukan Shoujo no Dorei Majutsu Ω,TV,Finished Airing,6.69,2021-04-09 00:00:00+00:00,6087.0,555,452475,2775,"['Action', 'Comedy', 'Fantasy', 'Romance', 'Ecchi']","['Harem', 'Isekai']",10.0,Spring,2021,Short
44524,Isekai Meikyuu de Harem wo,TV,Finished Airing,6.53,2022-07-06 00:00:00+00:00,0.0,930,287839,2172,"['Action', 'Adventure', 'Fantasy', 'Erotica']","['Harem', 'Isekai']",12.0,Summer,2022,Short
59130,Isekai Mokushiroku Mynoghra: Hametsu no Bunmei de Hajimeru Sekai Seifuku,TV,Finished Airing,6.7,2025-07-06 00:00:00+00:00,6063.0,2565,84676,292,"['Adventure', 'Fantasy']","['Isekai', 'Reincarnation']",13.0,Summer,2025,Short
60226,Isekai no Sata wa Shachiku Shidai,TV,Not yet aired,6.98,2026-01-01 00:00:00+00:00,4677.0,10121,3818,12,"['Boys Love', 'Fantasy']","['Adult Cast', 'Isekai']",12.0,Winter,2026,Short
51462,Isekai Nonbiri Nouka,TV,Finished Airing,7.54,2023-01-06 00:00:00+00:00,1874.0,1016,266508,2093,"['Fantasy', 'Slice of Life']",['Isekai'],12.0,Winter,2023,Short
49220,Isekai Ojisan,TV,Finished Airing,7.76,2022-07-06 00:00:00+00:00,1170.0,632,409295,2258,"['Comedy', 'Fantasy']","['Adult Cast', 'Isekai', 'Otaku Culture', 'Parody']",13.0,Summer,2022,Short
51219,Isekai One Turn Kill Neesan: Ane Douhan no Isekai Seikatsu Hajimemashita,TV,Finished Airing,6.31,2023-04-08 00:00:00+00:00,8427.0,2011,122318,474,"['Comedy', 'Fantasy']",['Isekai'],12.0,Spring,2023,Short
38472,Isekai Quartet,TV,Finished Airing,7.37,2019-04-10 00:00:00+00:00,2562.0,640,405682,1040,"['Comedy', 'Fantasy']","['Isekai', 'Parody']",12.0,Spring,2019,Short
39988,Isekai Quartet 2,TV,Finished Airing,7.36,2020-01-15 00:00:00+00:00,2622.0,1083,249150,263,"['Comedy', 'Fantasy']","['Isekai', 'Parody']",12.0,Winter,2020,Short
61851,Isekai Quartet 3,TV,Not yet aired,7.43,2025-10-13 00:00:00+00:00,2344.0,5129,21889,50,"['Comedy', 'Fantasy']","['Isekai', 'Parody']",11.0,Fall,2025,Short
52367,Isekai Shikkaku,TV,Finished Airing,7.26,2024-07-09 00:00:00+00:00,3096.0,1234,218282,833,"['Adventure', 'Comedy', 'Fantasy']","['Isekai', 'Parody']",12.0,Summer,2024,Short
34012,Isekai Shokudou,TV,Finished Airing,7.41,2017-07-04 00:00:00+00:00,2381.0,956,280168,1115,"['Fantasy', 'Gourmet', 'Slice of Life']","['Isekai', 'Workplace']",12.0,Summer,2017,Short
48804,Isekai Shokudou 2,TV,Finished Airing,7.69,2021-10-02 00:00:00+00:00,1370.0,2159,111013,450,"['Fantasy', 'Gourmet', 'Slice of Life']","['Isekai', 'Workplace']",12.0,Fall,2021,Short
50220,Isekai Shoukan wa Nidome desu,TV,Finished Airing,5.67,2023-04-09 00:00:00+00:00,11849.0,1455,181961,762,"['Adventure', 'Comedy', 'Fantasy', 'Romance']","['Harem', 'Isekai']",12.0,Spring,2023,Short
55848,Isekai Suicide Squad,TV,Finished Airing,6.4,2024-07-06 00:00:00+00:00,7908.0,1657,155644,565,"['Action', 'Fantasy']","['Adult Cast', 'Isekai']",10.0,Summer,2024,Short
35203,Isekai wa Smartphone to Tomo ni.,TV,Finished Airing,6.11,2017-07-11 00:00:00+00:00,9568.0,394,612434,3010,"['Adventure', 'Comedy', 'Fantasy', 'Romance']","['Harem', 'Isekai']",12.0,Summer,2017,Short
51632,Isekai wa Smartphone to Tomo ni. 2,TV,Finished Airing,6.4,2023-04-03 00:00:00+00:00,7909.0,1593,165752,1061,"['Adventure', 'Comedy', 'Fantasy', 'Romance']","['Harem', 'Isekai']",12.0,Spring,2023,Short
49438,Isekai Yakkyoku,TV,Finished Airing,7.26,2022-07-10 00:00:00+00:00,3097.0,1047,258525,969,['Fantasy'],"['Isekai', 'Medical', 'Reincarnation']",12.0,Summer,2022,Short
57380,Isekai Yururi Kikou: Kosodateshinagara Boukensha Shimasu,TV,Finished Airing,6.68,2024-07-08 00:00:00+00:00,6164.0,2499,88467,317,"['Adventure', 'Fantasy', 'Slice of Life']","['Childcare', 'Isekai']",12.0,Summer,2024,Short
54449,Ishura,TV,Finished Airing,6.72,2024-01-03 00:00:00+00:00,5900.0,1973,125529,453,"['Action', 'Adventure', 'Fantasy']","['Gore', 'Isekai']",12.0,Winter,2024,Short
58484,Ishura 2nd Season,TV,Finished Airing,7.19,2025-01-08 00:00:00+00:00,3517.0,3844,41481,156,"['Action', 'Adventure', 'Fantasy']","['Gore', 'Isekai']",12.0,Winter,2025,Short
14765,Ixion Saga DT,TV,Finished Airing,7.12,2012-10-08 00:00:00+00:00,3916.0,2045,120020,390,"['Action', 'Comedy', 'Fantasy']",['Isekai'],25.0,Fall,2012,Medium
2523,Izumo: Takeki Tsurugi no Senki,TV,Finished Airing,6.1,2005-04-03 00:00:00+00:00,9649.0,6112,13834,17,"['Adventure', 'Drama', 'Fantasy', 'Romance']","['Isekai', 'Martial Arts']",12.0,Spring,2005,Short
58822,Izure Saikyou no Renkinjutsushi?,TV,Finished Airing,6.61,2025-01-08 00:00:00+00:00,6617.0,2194,107745,281,"['Adventure', 'Fantasy']",['Isekai'],12.0,Winter,2025,Short
52619,Jidou Hanbaiki ni Umarekawatta Ore wa Meikyuu wo Samayou,TV,Finished Airing,6.44,2023-07-05 00:00:00+00:00,7640.0,1563,169458,401,"['Comedy', 'Fantasy']","['Isekai', 'Reincarnation']",12.0,Summer,2023,Short
56700,Jidou Hanbaiki ni Umarekawatta Ore wa Meikyuu wo Samayou 2nd Season,TV,Finished Airing,6.51,2025-07-02 00:00:00+00:00,7170.0,3493,48805,74,"['Comedy', 'Fantasy']","['Isekai', 'Reincarnation']",12.0,Summer,2025,Short
52969,"Jitsu wa Ore, Saikyou deshita?",TV,Finished Airing,6.47,2023-07-02 00:00:00+00:00,7448.0,1348,197827,578,"['Adventure', 'Fantasy']","['Isekai', 'Reincarnation']",12.0,Summer,2023,Short
153,Juuni Kokuki,TV,Finished Airing,8.01,2002-04-09 00:00:00+00:00,671.0,1576,167554,2608,"['Action', 'Adventure', 'Fantasy']",['Isekai'],45.0,Spring,2002,Long
48316,Kage no Jitsuryokusha ni Naritakute!,TV,Finished Airing,8.24,2022-10-05 00:00:00+00:00,355.0,268,807396,17470,"['Action', 'Comedy', 'Fantasy']","['Isekai', 'Reincarnation']",20.0,Fall,2022,Medium
54595,Kage no Jitsuryokusha ni Naritakute! 2nd Season,TV,Finished Airing,8.28,2023-10-04 00:00:00+00:00,317.0,507,490655,5063,"['Action', 'Comedy', 'Fantasy']","['Isekai', 'Reincarnation']",12.0,Fall,2023,Short
41312,Kami-tachi ni Hirowareta Otoko,TV,Finished Airing,6.96,2020-10-04 00:00:00+00:00,4668.0,1099,244656,1145,"['Fantasy', 'Slice of Life']","['Isekai', 'Iyashikei', 'Reincarnation']",12.0,Fall,2020,Short
49109,Kami-tachi ni Hirowareta Otoko 2nd Season,TV,Finished Airing,6.81,2023-01-09 00:00:00+00:00,5406.0,1856,135882,775,"['Fantasy', 'Slice of Life']","['Isekai', 'Iyashikei', 'Reincarnation']",12.0,Winter,2023,Short
21563,Kamigami no Asobi,TV,Finished Airing,6.99,2014-04-06 00:00:00+00:00,4528.0,1685,152202,779,"['Fantasy', 'Romance']","['Isekai', 'Mythology', 'Reverse Harem']",12.0,Spring,2014,Short
51693,Kaminaki Sekai no Kamisama Katsudou,TV,Finished Airing,6.68,2023-04-06 00:00:00+00:00,6167.0,1208,224093,765,"['Action', 'Comedy', 'Fantasy']","['Isekai', 'Parody']",12.0,Spring,2023,Short
52308,Kanojo ga Koushaku-tei ni Itta Riyuu,TV,Finished Airing,7.53,2023-04-10 00:00:00+00:00,1892.0,1438,184702,1658,"['Fantasy', 'Romance']","['Isekai', 'Reincarnation']",12.0,Spring,2023,Short
54265,Kekkon Yubiwa Monogatari,TV,Finished Airing,6.07,2024-01-06 00:00:00+00:00,9823.0,1929,129127,375,"['Action', 'Fantasy', 'Romance', 'Ecchi']","['Harem', 'Isekai']",12.0,Winter,2024,Short
58515,Kekkon Yubiwa Monogatari II,TV,Not yet aired,6.46,2025-10-04 00:00:00+00:00,7744.0,4869,24767,62,"['Action', 'Fantasy', 'Romance', 'Ecchi']","['Harem', 'Isekai']",13.0,Fall,2025,Short
42072,Kenja no Deshi wo Nanoru Kenja,TV,Finished Airing,6.33,2022-01-12 00:00:00+00:00,8261.0,1808,139168,652,"['Adventure', 'Fantasy']","['Isekai', 'Magical Sex Shift']",12.0,Winter,2022,Short
36407,Kenja no Mago,TV,Finished Airing,6.61,2019-04-10 00:00:00+00:00,6622.0,371,642480,3073,"['Action', 'Comedy', 'Fantasy', 'Romance']","['Isekai', 'Reincarnation']",12.0,Spring,2019,Short
2074,Kerokero Chime,TV,Finished Airing,6.46,1997-03-06 00:00:00+00:00,7535.0,12168,2094,1,"['Adventure', 'Comedy', 'Fantasy']","['Isekai', 'Parody']",30.0,Spring,1997,Long
845,Kiba,TV,Finished Airing,7.28,2006-04-02 00:00:00+00:00,3000.0,2626,81630,455,"['Action', 'Adventure', 'Fantasy']",['Isekai'],51.0,Spring,2006,Long
34104,Knight's & Magic,TV,Finished Airing,7.07,2017-07-02 00:00:00+00:00,4170.0,938,285326,1086,"['Action', 'Fantasy']","['Isekai', 'Mecha', 'Reincarnation', 'School']",13.0,Summer,2017,Short
30831,Kono Subarashii Sekai ni Shukufuku wo!,TV,Finished Airing,8.09,2016-01-14 00:00:00+00:00,558.0,39,2096852,47039,"['Adventure', 'Comedy', 'Fantasy']","['Isekai', 'Parody']",10.0,Winter,2016,Short
32937,Kono Subarashii Sekai ni Shukufuku wo! 2,TV,Finished Airing,8.24,2017-01-12 00:00:00+00:00,356.0,77,1615298,12001,"['Adventure', 'Comedy', 'Fantasy']","['Isekai', 'Parody']",10.0,Winter,2017,Short
49458,Kono Subarashii Sekai ni Shukufuku wo! 3,TV,Finished Airing,8.35,2024-04-10 00:00:00+00:00,255.0,481,513867,5480,"['Adventure', 'Comedy', 'Fantasy']","['Isekai', 'Parody']",11.0,Spring,2024,Short
40974,Kuma Kuma Kuma Bear,TV,Finished Airing,7.23,2020-10-07 00:00:00+00:00,3270.0,1454,182054,1035,"['Adventure', 'Comedy', 'Fantasy']",['Isekai'],12.0,Fall,2020,Short
45486,Kuma Kuma Kuma Bear Punch!,TV,Finished Airing,7.28,2023-04-03 00:00:00+00:00,3001.0,2437,91477,445,"['Adventure', 'Comedy', 'Fantasy']",['Isekai'],12.0,Spring,2023,Short
37984,"Kumo desu ga, Nani ka?",TV,Finished Airing,7.45,2021-01-08 00:00:00+00:00,2240.0,506,491279,4690,"['Action', 'Adventure', 'Comedy', 'Fantasy']","['Isekai', 'Reincarnation']",24.0,Winter,2021,Medium
51064,Kuro no Shoukanshi,TV,Finished Airing,7.02,2022-07-09 00:00:00+00:00,4394.0,963,279031,1148,"['Action', 'Adventure', 'Fantasy']","['Isekai', 'Reincarnation']",12.0,Summer,2022,Short
251,Kyou kara Maou!,TV,Finished Airing,7.61,2004-04-03 00:00:00+00:00,1602.0,2033,120837,1387,"['Adventure', 'Comedy', 'Fantasy']",['Isekai'],78.0,Spring,2004,Long
4080,Kyou kara Maou! 3rd Series,TV,Finished Airing,7.72,2008-04-03 00:00:00+00:00,1288.0,4053,37077,129,"['Adventure', 'Comedy', 'Fantasy']",['Isekai'],39.0,Spring,2008,Long
48239,Leadale no Daichi nite,TV,Finished Airing,6.95,2022-01-05 00:00:00+00:00,4717.0,1451,182215,964,"['Adventure', 'Comedy', 'Fantasy']","['Isekai', 'Reincarnation']",12.0,Winter,2022,Short
51764,Level 1 dakedo Unique Skill de Saikyou desu,TV,Finished Airing,6.21,2023-07-08 00:00:00+00:00,8980.0,1720,148042,338,"['Adventure', 'Fantasy']","['Harem', 'Isekai', 'Reincarnation']",12.0,Summer,2023,Short
56923,Lv2 kara Cheat datta Motoyuusha Kouho no Mattari Isekai Life,TV,Finished Airing,6.82,2024-04-08 00:00:00+00:00,5392.0,1198,226977,985,"['Adventure', 'Fantasy', 'Romance']",['Isekai'],12.0,Spring,2024,Short
56449,Madougushi Dahliya wa Utsumukanai,TV,Finished Airing,6.8,2024-07-06 00:00:00+00:00,5479.0,2720,76753,194,"['Fantasy', 'Slice of Life']","['Adult Cast', 'Isekai', 'Reincarnation']",12.0,Summer,2024,Short
435,Magic Knight Rayearth,TV,Finished Airing,7.45,1994-10-17 00:00:00+00:00,2244.0,2723,76761,598,"['Action', 'Adventure', 'Comedy', 'Drama', 'Fantasy']","['Isekai', 'Mecha']",20.0,Fall,1994,Medium
1563,Magic Knight Rayearth II,TV,Finished Airing,7.49,1995-04-10 00:00:00+00:00,2066.0,4051,37083,159,"['Action', 'Adventure', 'Drama', 'Fantasy', 'Romance']","['Isekai', 'Mahou Shoujo', 'Mecha']",29.0,Spring,1995,Long
59265,Magic Maker: Isekai Mahou no Tsukurikata,TV,Finished Airing,6.82,2025-01-09 00:00:00+00:00,5393.0,2880,69814,134,['Fantasy'],"['Isekai', 'Reincarnation']",12.0,Winter,2025,Short
872,Mahou Shoujo-tai Arusu,TV,Finished Airing,7.03,2004-04-09 00:00:00+00:00,4379.0,4310,32603,89,"['Adventure', 'Comedy', 'Fantasy']",['Isekai'],40.0,Spring,2004,Long
57152,Mahoutsukai no Yakusoku,TV,Finished Airing,5.49,2025-01-06 00:00:00+00:00,12510.0,4841,25101,86,['Fantasy'],['Isekai'],12.0,Winter,2025,Short
38297,"Maou-sama, Retry!",TV,Finished Airing,6.55,2019-07-04 00:00:00+00:00,6971.0,973,276505,671,"['Action', 'Adventure', 'Fantasy']",['Isekai'],12.0,Summer,2019,Short
56400,"Maou-sama, Retry! R",TV,Finished Airing,5.92,2024-10-05 00:00:00+00:00,10655.0,3494,48821,105,"['Action', 'Adventure', 'Fantasy']",['Isekai'],12.0,Fall,2024,Short
57876,Maougun Saikyou no Majutsushi wa Ningen datta,TV,Finished Airing,6.41,2024-07-03 00:00:00+00:00,7841.0,1781,142086,415,"['Action', 'Adventure', 'Fantasy']","['Isekai', 'Reincarnation']",12.0,Summer,2024,Short
3837,Mashin Eiyuuden Wataru,TV,Finished Airing,6.93,1988-04-15 00:00:00+00:00,4793.0,9997,3959,14,"['Action', 'Adventure', 'Comedy', 'Sci-Fi']","['Isekai', 'Mecha']",45.0,Spring,1988,Long
4807,Mashin Eiyuuden Wataru 2,TV,Finished Airing,6.78,1990-03-09 00:00:00+00:00,5578.0,12379,1964,2,"['Action', 'Adventure', 'Comedy']","['Isekai', 'Mecha']",46.0,Spring,1990,Long
1161,Maze☆Bakunetsu Jikuu (TV),TV,Finished Airing,6.58,1997-04-03 00:00:00+00:00,6801.0,7558,8302,11,"['Action', 'Adventure', 'Comedy', 'Fantasy']","['Isekai', 'Magical Sex Shift', 'Mecha']",25.0,Spring,1997,Medium
35997,Märchen Mädchen,TV,Finished Airing,5.41,2018-01-11 00:00:00+00:00,12793.0,3746,43399,49,['Fantasy'],"['Isekai', 'School']",10.0,Winter,2018,Short
738,MÄR,TV,Finished Airing,7.24,2005-04-03 00:00:00+00:00,3259.0,3253,55564,321,"['Action', 'Adventure', 'Comedy', 'Fantasy']",['Isekai'],102.0,Spring,2005,Long
42340,Meikyuu Black Company,TV,Finished Airing,7.21,2021-07-09 00:00:00+00:00,3428.0,1086,248270,881,"['Comedy', 'Fantasy']",['Isekai'],12.0,Summer,2021,Short
57315,"Meitou ""Isekai no Yu"" Kaitakuki: Around 40 Onsen Mania no Tensei Saki wa, Nonbiri Onsen Tengoku deshita",TV,Finished Airing,5.23,2024-01-12 00:00:00+00:00,13275.0,3837,41538,154,"['Fantasy', 'Ecchi']","['Harem', 'Isekai']",12.0,Winter,2024,Short
60732,Mizu Zokusei no Mahoutsukai,TV,Finished Airing,7.11,2025-07-04 00:00:00+00:00,3952.0,1946,127379,487,"['Adventure', 'Fantasy']","['Adult Cast', 'Isekai', 'Reincarnation']",12.0,Summer,2025,Short
15315,Mondaiji-tachi ga Isekai kara Kuru Sou desu yo?,TV,Finished Airing,7.41,2013-01-12 00:00:00+00:00,2392.0,396,609702,3737,"['Action', 'Comedy', 'Fantasy']","['Isekai', 'Mythology']",10.0,Winter,2013,Short
1469,Monster Farm: Enbanseki no Himitsu,TV,Finished Airing,6.8,1999-04-17 00:00:00+00:00,5483.0,3527,48085,120,"['Action', 'Adventure', 'Comedy', 'Fantasy']",['Isekai'],48.0,Spring,1999,Long
13201,Monster Farm: Legend e no Michi,TV,Finished Airing,6.74,2000-04-01 00:00:00+00:00,5806.0,5330,19905,18,"['Action', 'Adventure', 'Comedy', 'Fantasy']",['Isekai'],25.0,Spring,2000,Medium
51179,Mushoku Tensei II: Isekai Ittara Honki Dasu,TV,Finished Airing,8.21,2023-07-10 00:00:00+00:00,394.0,323,705226,7638,"['Adventure', 'Drama', 'Fantasy', 'Ecchi']","['Isekai', 'Reincarnation']",12.0,Summer,2023,Short
55888,Mushoku Tensei II: Isekai Ittara Honki Dasu Part 2,TV,Finished Airing,8.41,2024-04-08 00:00:00+00:00,208.0,466,522101,4390,"['Adventure', 'Drama', 'Fantasy', 'Ecchi']","['Isekai', 'Reincarnation']",12.0,Spring,2024,Short
39535,Mushoku Tensei: Isekai Ittara Honki Dasu,TV,Finished Airing,8.34,2021-01-11 00:00:00+00:00,266.0,91,1504797,38092,"['Adventure', 'Drama', 'Fantasy', 'Ecchi']","['Isekai', 'Reincarnation']",11.0,Winter,2021,Short
45576,Mushoku Tensei: Isekai Ittara Honki Dasu Part 2,TV,Finished Airing,8.62,2021-10-04 00:00:00+00:00,93.0,164,1068408,19113,"['Adventure', 'Drama', 'Fantasy', 'Ecchi']","['Isekai', 'Reincarnation']",12.0,Fall,2021,Short
2084,NG Knight Ramune & 40,TV,Finished Airing,7.02,1990-04-06 00:00:00+00:00,4398.0,9224,5039,24,"['Action', 'Adventure', 'Comedy', 'Fantasy']","['Isekai', 'Mecha']",38.0,Spring,1990,Long
57648,Nihon e Youkoso Elf-san.,TV,Finished Airing,7.29,2025-01-10 00:00:00+00:00,2944.0,2586,83745,259,"['Comedy', 'Fantasy']",['Isekai'],12.0,Winter,2025,Short
19815,No Game No Life,TV,Finished Airing,8.04,2014-04-09 00:00:00+00:00,632.0,20,2513139,48288,"['Comedy', 'Fantasy', 'Ecchi']","['Isekai', 'Strategy Game']",12.0,Spring,2014,Short
52611,Okashi na Tensei,TV,Finished Airing,6.7,2023-07-04 00:00:00+00:00,6080.0,2244,104506,246,['Fantasy'],"['Isekai', 'Reincarnation']",12.0,Summer,2023,Short
61549,Okiraku Ryoushu no Tanoshii Ryouchi Bouei: Seisankei Majutsu de Na mo Naki Mura wo Saikyou no Jousai Toshi ni,TV,Not yet aired,6.85,2026-01-01 00:00:00+00:00,5374.0,11375,2629,8,['Fantasy'],"['Isekai', 'Reincarnation']",12.0,Winter,2026,Short
61150,Onmyou Kaiten Re:Birth,TV,Finished Airing,6.53,2025-07-03 00:00:00+00:00,7077.0,4995,23278,35,"['Action', 'Fantasy', 'Sci-Fi']",['Isekai'],12.0,Summer,2025,Short
60154,Ore wa Seikan Kokka no Akutoku Ryoushu!,TV,Finished Airing,7.02,2025-04-06 00:00:00+00:00,4399.0,2698,77585,270,"['Action', 'Comedy', 'Fantasy', 'Sci-Fi']","['Harem', 'Isekai', 'Mecha', 'Reincarnation', 'Space']",12.0,Spring,2025,Short
38555,Otome Game no Hametsu Flag shika Nai Akuyaku Reijou ni Tensei shiteshimatta...,TV,Finished Airing,7.45,2020-04-05 00:00:00+00:00,2246.0,502,495999,3192,"['Comedy', 'Fantasy', 'Romance']","['Isekai', 'Reverse Harem', 'School', 'Villainess']",12.0,Spring,2020,Short
42282,Otome Game no Hametsu Flag shika Nai Akuyaku Reijou ni Tensei shiteshimatta... X,TV,Finished Airing,7.25,2021-07-03 00:00:00+00:00,3193.0,1018,266215,1105,"['Comedy', 'Fantasy', 'Romance']","['Isekai', 'Reverse Harem', 'School', 'Villainess']",12.0,Summer,2021,Short
50461,Otome Game Sekai wa Mob ni Kibishii Sekai desu,TV,Finished Airing,7.32,2022-04-03 00:00:00+00:00,2805.0,727,362851,2332,"['Action', 'Fantasy', 'Romance']","['Harem', 'Isekai', 'Mecha', 'Reincarnation', 'School']",12.0,Spring,2022,Short
19369,Outbreak Company,TV,Finished Airing,7.16,2013-10-04 00:00:00+00:00,3692.0,695,377961,917,"['Comedy', 'Fantasy']","['Harem', 'Isekai', 'Otaku Culture', 'Parody']",12.0,Fall,2013,Short
29803,Overlord,TV,Finished Airing,7.9,2015-07-07 00:00:00+00:00,870.0,70,1713019,27954,"['Action', 'Adventure', 'Fantasy']",['Isekai'],13.0,Summer,2015,Short
35073,Overlord II,TV,Finished Airing,7.75,2018-01-09 00:00:00+00:00,1210.0,154,1103301,4634,"['Action', 'Adventure', 'Fantasy']",['Isekai'],13.0,Winter,2018,Short
37675,Overlord III,TV,Finished Airing,7.91,2018-07-10 00:00:00+00:00,842.0,187,985026,5546,"['Action', 'Adventure', 'Fantasy']",['Isekai'],13.0,Summer,2018,Short
48895,Overlord IV,TV,Finished Airing,8.07,2022-07-05 00:00:00+00:00,588.0,398,608619,7389,"['Action', 'Adventure', 'Fantasy']",['Isekai'],13.0,Summer,2022,Short
2826,Oz no Mahoutsukai (TV),TV,Finished Airing,6.7,1986-10-06 00:00:00+00:00,6081.0,10493,3377,14,"['Adventure', 'Fantasy']",['Isekai'],52.0,Fall,1986,Long
62144,"Potion, Wagami wo Tasukeru",TV,Not yet aired,6.43,2025-10-03 00:00:00+00:00,7950.0,9367,4804,8,['Fantasy'],['Isekai'],12.0,Fall,2025,Short
54616,Potion-danomi de Ikinobimasu!,TV,Finished Airing,6.55,2023-10-08 00:00:00+00:00,6981.0,3266,55094,78,"['Adventure', 'Fantasy']","['Isekai', 'Reincarnation']",12.0,Fall,2023,Short
56690,Re:Monster,TV,Finished Airing,6.54,2024-04-05 00:00:00+00:00,7002.0,1527,173775,528,"['Action', 'Adventure', 'Fantasy']","['Isekai', 'Reincarnation']",12.0,Spring,2024,Short
31240,Re:Zero kara Hajimeru Isekai Seikatsu,TV,Finished Airing,8.24,2016-04-04 00:00:00+00:00,359.0,23,2380325,73384,"['Drama', 'Fantasy', 'Suspense']","['Isekai', 'Psychological', 'Time Travel']",25.0,Spring,2016,Medium
39587,Re:Zero kara Hajimeru Isekai Seikatsu 2nd Season,TV,Finished Airing,8.33,2020-07-08 00:00:00+00:00,269.0,127,1231794,12289,"['Drama', 'Fantasy', 'Suspense']","['Isekai', 'Psychological', 'Time Travel']",13.0,Summer,2020,Short
42203,Re:Zero kara Hajimeru Isekai Seikatsu 2nd Season Part 2,TV,Finished Airing,8.42,2021-01-06 00:00:00+00:00,198.0,175,1019999,13272,"['Drama', 'Fantasy', 'Suspense']","['Isekai', 'Psychological', 'Time Travel']",12.0,Winter,2021,Short
54857,Re:Zero kara Hajimeru Isekai Seikatsu 3rd Season,TV,Finished Airing,8.44,2024-10-02 00:00:00+00:00,181.0,574,440843,6074,"['Drama', 'Fantasy', 'Suspense']","['Isekai', 'Psychological', 'Time Travel']",16.0,Fall,2024,Medium
56228,Rekishi ni Nokoru Akujo ni Naru zo,TV,Finished Airing,7.33,2024-10-02 00:00:00+00:00,2783.0,2027,121190,632,"['Comedy', 'Fantasy', 'Romance']","['Isekai', 'Villainess']",13.0,Fall,2024,Short
52461,Rougo ni Sonaete Isekai de 8-manmai no Kinka wo Tamemasu,TV,Finished Airing,6.94,2023-01-08 00:00:00+00:00,4756.0,2143,112300,331,['Fantasy'],['Isekai'],12.0,Winter,2023,Short
48761,Saihate no Paladin,TV,Finished Airing,6.88,2021-10-09 00:00:00+00:00,5057.0,771,342569,1484,"['Action', 'Adventure', 'Fantasy']","['Isekai', 'Reincarnation']",12.0,Fall,2021,Short
50664,Saihate no Paladin: Tetsusabi no Yama no Ou,TV,Finished Airing,7.43,2023-10-07 00:00:00+00:00,2281.0,1817,138469,382,"['Action', 'Adventure', 'Fantasy']","['Isekai', 'Reincarnation']",12.0,Fall,2023,Short
53590,Saijaku Tamer wa Gomi Hiroi no Tabi wo Hajimemashita.,TV,Finished Airing,7.57,2024-01-12 00:00:00+00:00,1743.0,1924,129424,691,"['Adventure', 'Fantasy']","['Crossdressing', 'Isekai', 'Reincarnation']",12.0,Winter,2024,Short
60146,"Saikyou no Ousama, Nidome no Jinsei wa Nani wo Suru?",TV,Finished Airing,6.18,2025-04-02 00:00:00+00:00,9194.0,1656,155817,1115,['Fantasy'],"['Isekai', 'Reincarnation']",12.0,Spring,2025,Short
50932,Saikyou Onmyouji no Isekai Tenseiki,TV,Finished Airing,7.11,2023-01-07 00:00:00+00:00,3988.0,1037,261116,1025,"['Action', 'Adventure', 'Fantasy']","['Isekai', 'Reincarnation']",13.0,Winter,2023,Short
59349,Salaryman ga Isekai ni Ittara Shitennou ni Natta Hanashi,TV,Finished Airing,6.59,2025-01-06 00:00:00+00:00,6682.0,2200,107261,241,"['Adventure', 'Comedy', 'Fantasy']",['Isekai'],12.0,Winter,2025,Short
52482,Sasaki to Pii-chan,TV,Finished Airing,6.84,2024-01-05 00:00:00+00:00,5290.0,2138,112640,219,"['Adventure', 'Comedy', 'Fantasy']",['Isekai'],12.0,Winter,2024,Short
53263,"Seija Musou: Salaryman, Isekai de Ikinokoru Tame ni Ayumu Michi",TV,Finished Airing,7.11,2023-07-07 00:00:00+00:00,3988.0,1811,138874,393,"['Adventure', 'Comedy', 'Fantasy']","['Isekai', 'Reincarnation']",12.0,Summer,2023,Short
42826,Seijo no Maryoku wa Bannou desu,TV,Finished Airing,7.31,2021-04-06 00:00:00+00:00,2843.0,1155,235243,1333,"['Fantasy', 'Romance']","['Isekai', 'Medical']",12.0,Spring,2021,Short
51215,Seijo no Maryoku wa Bannou desu Season 2,TV,Finished Airing,7.44,2023-10-03 00:00:00+00:00,2269.0,2271,102393,363,"['Fantasy', 'Romance']","['Isekai', 'Medical']",12.0,Fall,2023,Short
44203,Seirei Gensouki,TV,Finished Airing,7.06,2021-07-06 00:00:00+00:00,4215.0,580,436607,3428,"['Action', 'Adventure', 'Fantasy', 'Romance']","['Harem', 'Isekai', 'Reincarnation']",12.0,Summer,2021,Short
50306,Seirei Gensouki 2,TV,Finished Airing,6.87,2024-10-08 00:00:00+00:00,5131.0,1430,185694,1269,"['Action', 'Adventure', 'Fantasy', 'Romance']","['Harem', 'Isekai', 'Reincarnation']",12.0,Fall,2024,Short
929,Seisenshi Dunbine,TV,Finished Airing,7.06,1983-02-05 00:00:00+00:00,4216.0,5798,15906,54,"['Adventure', 'Drama', 'Fantasy', 'Sci-Fi']","['Isekai', 'Mecha']",49.0,Winter,1983,Long
47790,"Sekai Saikou no Ansatsusha, Isekai Kizoku ni Tensei suru",TV,Finished Airing,7.32,2021-10-06 00:00:00+00:00,2824.0,395,610375,4400,"['Action', 'Drama', 'Fantasy', 'Mystery', 'Romance']","['Isekai', 'Reincarnation']",12.0,Fall,2021,Short
35251,Sengoku Night Blood,TV,Finished Airing,6.14,2017-10-03 00:00:00+00:00,9389.0,3502,48511,145,"['Fantasy', 'Romance']","['Historical', 'Isekai', 'Reverse Harem', 'Vampire']",12.0,Fall,2017,Short
59514,Sentai Red Isekai de Boukensha ni Naru,TV,Finished Airing,6.79,2025-01-12 00:00:00+00:00,5540.0,3126,60038,195,"['Action', 'Adventure', 'Comedy', 'Fantasy']",['Isekai'],12.0,Winter,2025,Short
41456,"Sentouin, Haken shimasu!",TV,Finished Airing,7.14,2021-04-04 00:00:00+00:00,3819.0,626,410219,2078,"['Action', 'Comedy', 'Fantasy']",['Isekai'],12.0,Spring,2021,Short
51495,Shin Shinka no Mi: Shiranai Uchi ni Kachigumi Jinsei,TV,Finished Airing,5.47,2023-01-14 00:00:00+00:00,12590.0,1994,123856,589,"['Adventure', 'Fantasy', 'Romance']","['Harem', 'Isekai']",12.0,Winter,2023,Short
38659,Shinchou Yuusha: Kono Yuusha ga Ore Tueee Kuse ni Shinchou Sugiru,TV,Finished Airing,7.47,2019-10-02 00:00:00+00:00,2157.0,345,675895,2379,"['Action', 'Adventure', 'Comedy', 'Fantasy']","['Isekai', 'Parody']",12.0,Fall,2019,Short
12367,Shining Hearts: Shiawase no Pan,TV,Finished Airing,6.12,2012-04-13 00:00:00+00:00,9544.0,3569,47191,54,"['Action', 'Fantasy', 'Gourmet']","['Isekai', 'Workplace']",12.0,Spring,2012,Short
2031,Shining Tears X Wind,TV,Finished Airing,6.46,2007-04-07 00:00:00+00:00,7510.0,4090,36444,69,"['Action', 'Adventure', 'Fantasy']",['Isekai'],13.0,Spring,2007,Short
46985,Shinka no Mi: Shiranai Uchi ni Kachigumi Jinsei,TV,Finished Airing,6.17,2021-10-05 00:00:00+00:00,9217.0,1161,232987,1005,"['Adventure', 'Fantasy', 'Romance']","['Harem', 'Isekai']",12.0,Fall,2021,Short
116,Shinpi no Sekai El-Hazard (TV),TV,Finished Airing,6.93,1995-10-06 00:00:00+00:00,4813.0,5352,19708,41,"['Adventure', 'Comedy', 'Fantasy', 'Romance']",['Isekai'],26.0,Fall,1995,Medium
59322,Shirobuta Kizoku desu ga Zense no Kioku ga Haeta node Hiyoko na Otouto Sodatemasu,TV,Finished Airing,6.75,2025-07-06 00:00:00+00:00,5763.0,6085,14015,24,"['Fantasy', 'Slice of Life']","['Childcare', 'Isekai', 'Reincarnation']",12.0,Summer,2025,Short
47162,Shokei Shoujo no Virgin Road,TV,Finished Airing,6.76,2022-04-02 00:00:00+00:00,5696.0,1447,183351,757,"['Action', 'Adventure', 'Fantasy']",['Isekai'],12.0,Spring,2022,Short
27441,Show By Rock!!,TV,Finished Airing,7.03,2015-04-05 00:00:00+00:00,4354.0,2439,91482,391,"['Comedy', 'Fantasy']","['Isekai', 'Music']",12.0,Spring,2015,Short
32038,Show By Rock!! #,TV,Finished Airing,7.06,2016-10-02 00:00:00+00:00,4216.0,4257,33620,77,"['Comedy', 'Fantasy']","['Isekai', 'Music']",12.0,Fall,2016,Short
40586,"Slime Taoshite 300-nen, Shiranai Uchi ni Level Max ni Nattemashita",TV,Finished Airing,6.9,2021-04-10 00:00:00+00:00,4979.0,589,433029,2303,"['Comedy', 'Fantasy']","['CGDCT', 'Isekai']",12.0,Spring,2021,Short
50738,"Slime Taoshite 300-nen, Shiranai Uchi ni Level Max ni Nattemashita: Sono Ni",TV,Finished Airing,6.69,2025-04-05 00:00:00+00:00,6134.0,2101,116076,576,"['Comedy', 'Fantasy']","['CGDCT', 'Isekai']",12.0,Spring,2025,Short
53730,"Sokushi Cheat ga Saikyou sugite, Isekai no Yatsura ga Marude Aite ni Naranai n desu ga.",TV,Finished Airing,6.36,2024-01-05 00:00:00+00:00,8134.0,1501,176638,641,"['Action', 'Adventure', 'Comedy', 'Fantasy']","['Isekai', 'Parody']",12.0,Winter,2024,Short
48849,Sonny Boy,TV,Finished Airing,7.83,2021-07-16 00:00:00+00:00,1020.0,737,358945,8345,"['Award Winning', 'Mystery']","['Isekai', 'Super Power']",12.0,Summer,2021,Short
61174,Sozai Saishuka no Isekai Ryokouki,TV,Not yet aired,6.12,2025-10-07 00:00:00+00:00,9771.0,6174,13517,43,"['Adventure', 'Fantasy']",['Isekai'],12.0,Fall,2025,Short
171,Strange Dawn,TV,Finished Airing,6.24,2000-07-11 00:00:00+00:00,8859.0,8047,7061,9,"['Adventure', 'Drama', 'Fantasy']",['Isekai'],13.0,Summer,2000,Short
35790,Tate no Yuusha no Nariagari,TV,Finished Airing,7.92,2019-01-09 00:00:00+00:00,823.0,68,1718656,25233,"['Action', 'Adventure', 'Drama', 'Fantasy']",['Isekai'],25.0,Winter,2019,Medium
40356,Tate no Yuusha no Nariagari Season 2,TV,Finished Airing,6.53,2022-04-06 00:00:00+00:00,7045.0,250,840166,12327,"['Action', 'Adventure', 'Drama', 'Fantasy']",['Isekai'],13.0,Spring,2022,Short
40357,Tate no Yuusha no Nariagari Season 3,TV,Finished Airing,7.09,2023-10-06 00:00:00+00:00,4076.0,497,499878,6143,"['Action', 'Adventure', 'Drama', 'Fantasy']",['Isekai'],12.0,Fall,2023,Short
57907,Tate no Yuusha no Nariagari Season 4,TV,Finished Airing,6.94,2025-07-09 00:00:00+00:00,4762.0,1789,141361,504,"['Action', 'Adventure', 'Drama', 'Fantasy']",['Isekai'],12.0,Summer,2025,Short
182,Tenkuu no Escaflowne,TV,Finished Airing,7.65,1996-04-02 00:00:00+00:00,1493.0,1538,172673,2268,"['Action', 'Adventure', 'Fantasy', 'Romance']","['Isekai', 'Love Polygon', 'Mecha']",26.0,Spring,1996,Medium
58146,Tensei Akujo no Kuro Rekishi,TV,Not yet aired,6.72,2025-10-09 00:00:00+00:00,6077.0,6387,12478,30,"['Comedy', 'Romance']","['Isekai', 'Villainess']",12.0,Fall,2025,Short
47163,"Tensei Kenja no Isekai Life: Dai-2 no Shokugyou wo Ete, Sekai Saikyou ni Narimashita",TV,Finished Airing,6.32,2022-07-04 00:00:00+00:00,8339.0,1115,242542,1417,"['Action', 'Adventure', 'Fantasy']",['Isekai'],12.0,Summer,2022,Short
52608,Tensei Kizoku no Isekai Boukenroku: Jichou wo Shiranai Kamigami no Shito,TV,Finished Airing,6.68,2023-04-03 00:00:00+00:00,6155.0,1262,212617,1062,"['Action', 'Fantasy', 'Romance']","['Harem', 'Isekai', 'Reincarnation']",12.0,Spring,2023,Short
55265,"Tensei Kizoku, Kantei Skill de Nariagaru",TV,Finished Airing,7.17,2024-04-07 00:00:00+00:00,3654.0,1476,179496,428,"['Adventure', 'Fantasy']","['Isekai', 'Reincarnation']",12.0,Spring,2024,Short
59131,"Tensei Kizoku, Kantei Skill de Nariagaru 2nd Season",TV,Finished Airing,7.45,2024-09-29 00:00:00+00:00,2228.0,2122,114064,303,"['Adventure', 'Fantasy']","['Isekai', 'Reincarnation']",12.0,Fall,2024,Short
52736,Tensei Oujo to Tensai Reijou no Mahou Kakumei,TV,Finished Airing,7.46,2023-01-04 00:00:00+00:00,2170.0,1230,219238,1706,"['Fantasy', 'Girls Love']","['Isekai', 'Reincarnation']",12.0,Winter,2023,Short
61207,Tensei shitara Dragon no Tamago datta,TV,Not yet aired,6.58,2026-01-01 00:00:00+00:00,7007.0,11966,2225,3,"['Action', 'Adventure', 'Fantasy']","['Isekai', 'Reincarnation']",12.0,Winter,2026,Short
49891,Tensei shitara Ken deshita,TV,Finished Airing,7.5,2022-10-05 00:00:00+00:00,2040.0,833,321409,1850,"['Action', 'Adventure', 'Fantasy']","['Isekai', 'Reincarnation']",12.0,Fall,2022,Short
37430,Tensei shitara Slime Datta Ken,TV,Finished Airing,8.13,2018-10-02 00:00:00+00:00,509.0,78,1586597,32193,"['Action', 'Comedy', 'Fantasy']","['Isekai', 'Reincarnation']",24.0,Fall,2018,Medium
39551,Tensei shitara Slime Datta Ken 2nd Season,TV,Finished Airing,8.35,2021-01-12 00:00:00+00:00,249.0,162,1071127,10936,"['Action', 'Comedy', 'Fantasy']","['Isekai', 'Reincarnation']",12.0,Winter,2021,Short
41487,Tensei shitara Slime Datta Ken 2nd Season Part 2,TV,Finished Airing,8.3,2021-07-06 00:00:00+00:00,296.0,231,871158,11022,"['Action', 'Comedy', 'Fantasy']","['Isekai', 'Reincarnation']",12.0,Summer,2021,Short
53580,Tensei shitara Slime Datta Ken 3rd Season,TV,Finished Airing,7.69,2024-04-05 00:00:00+00:00,1366.0,578,438480,4316,"['Action', 'Comedy', 'Fantasy']","['Isekai', 'Reincarnation']",24.0,Spring,2024,Medium
41488,Tensura Nikki: Tensei shitara Slime Datta Ken,TV,Finished Airing,7.59,2021-04-06 00:00:00+00:00,1684.0,706,371728,2127,"['Comedy', 'Fantasy']","['Isekai', 'Reincarnation']",12.0,Spring,2021,Short
57100,The New Gate,TV,Finished Airing,6.45,2024-04-14 00:00:00+00:00,7612.0,1801,139602,401,"['Action', 'Adventure', 'Fantasy']",['Isekai'],12.0,Spring,2024,Short
53446,Tondemo Skill de Isekai Hourou Meshi,TV,Finished Airing,7.64,2023-01-11 00:00:00+00:00,1501.0,902,298946,2241,"['Adventure', 'Comedy', 'Fantasy', 'Gourmet']",['Isekai'],12.0,Winter,2023,Short
57025,Tondemo Skill de Isekai Hourou Meshi 2,TV,Not yet aired,7.68,2025-10-08 00:00:00+00:00,1423.0,3273,54978,199,"['Adventure', 'Comedy', 'Fantasy', 'Gourmet']",['Isekai'],12.0,Fall,2025,Short
43523,Tsuki ga Michibiku Isekai Douchuu,TV,Finished Airing,7.71,2021-07-07 00:00:00+00:00,1319.0,459,529719,4656,"['Action', 'Adventure', 'Comedy', 'Fantasy']",['Isekai'],12.0,Summer,2021,Short
49889,Tsuki ga Michibiku Isekai Douchuu 2nd Season,TV,Finished Airing,7.84,2024-01-08 00:00:00+00:00,987.0,876,309113,2326,"['Action', 'Adventure', 'Comedy', 'Fantasy']",['Isekai'],25.0,Winter,2024,Medium
41392,Urasekai Picnic,TV,Finished Airing,6.66,2021-01-04 00:00:00+00:00,6331.0,1904,131475,577,"['Adventure', 'Fantasy', 'Mystery', 'Suspense']","['Isekai', 'Survival']",12.0,Winter,2021,Short
53833,Watashi no Oshi wa Akuyaku Reijou.,TV,Finished Airing,7.35,2023-10-03 00:00:00+00:00,2678.0,1796,140633,1313,"['Comedy', 'Fantasy', 'Girls Love']","['Isekai', 'School', 'Villainess']",12.0,Fall,2023,Short
37393,"Watashi, Nouryoku wa Heikinchi de tte Itta yo ne!",TV,Finished Airing,6.74,2019-10-07 00:00:00+00:00,5789.0,1275,209688,476,"['Adventure', 'Comedy', 'Fantasy']","['Isekai', 'Reincarnation']",12.0,Fall,2019,Short
59644,Yasei no Last Boss ga Arawareta!,TV,Not yet aired,7.47,2025-10-04 00:00:00+00:00,2203.0,5099,22158,67,"['Action', 'Adventure', 'Fantasy']",['Isekai'],12.0,Fall,2025,Short
32615,Youjo Senki,TV,Finished Airing,7.96,2017-01-06 00:00:00+00:00,748.0,177,1007259,13376,"['Action', 'Fantasy']","['Isekai', 'Military', 'Reincarnation']",12.0,Winter,2017,Short
33966,Yume Oukoku to Nemureru 100-nin no Oujisama,TV,Finished Airing,5.89,2018-07-05 00:00:00+00:00,10797.0,5269,20467,50,"['Adventure', 'Fantasy']","['Isekai', 'Reverse Harem']",12.0,Summer,2018,Short
61983,"Yuusha Party ni Kawaii Ko ga Ita node, Kokuhaku shitemita.",TV,Not yet aired,6.45,2026-01-01 00:00:00+00:00,7799.0,9736,4289,17,"['Adventure', 'Comedy', 'Fantasy', 'Romance']","['Isekai', 'Reincarnation']",13.0,Winter,2026,Short
58502,Zenshuu.,TV,Finished Airing,7.58,2025-01-05 00:00:00+00:00,1705.0,1706,149997,865,"['Action', 'Fantasy']",['Isekai'],12.0,Winter,2025,Short
1195,Zero no Tsukaima,TV,Finished Airing,7.2,2006-07-03 00:00:00+00:00,3495.0,243,855507,8120,"['Action', 'Adventure', 'Comedy', 'Fantasy', 'Romance', 'Ecchi']","['Harem', 'Isekai', 'School']",13.0,Summer,2006,Short
11319,Zero no Tsukaima F,TV,Finished Airing,7.41,2012-01-07 00:00:00+00:00,2423.0,576,439736,1228,"['Action', 'Adventure', 'Comedy', 'Fantasy', 'Romance', 'Ecchi']","['Harem', 'Isekai', 'School']",12.0,Winter,2012,Short
1840,Zero no Tsukaima: Futatsuki no Kishi,TV,Finished Airing,7.39,2007-07-09 00:00:00+00:00,2490.0,465,522752,1290,"['Action', 'Adventure', 'Comedy', 'Fantasy', 'Romance', 'Ecchi']","['Harem', 'Isekai', 'School']",12.0,Summer,2007,Short
3712,Zero no Tsukaima: Princesses no Rondo,TV,Finished Airing,7.31,2008-07-07 00:00:00+00:00,2856.0,543,462835,809,"['Action', 'Adventure', 'Comedy', 'Fantasy', 'Romance', 'Ecchi']","['Harem', 'Isekai', 'School']",12.0,Summer,2008,Short
